"Id";"Designator";"Footprint";"Quantity";"Designation";"Supplier and ref";
1;"C1, C2, C3, C4, C5, C6, C7, C8, C9, C10, C11, C12, C13, C14, C15, C16, C17, C18, C21, C22, C23, C24, C30, C31, C32, C33, C34, C39, C40, C41, C42, C43, C47, C48, C49, C50, C57, C58, C62, C63, C64, C65, C66, C67, C68, C72, C73, C74, C75, C76, C78, C79, C81, C82, C83, C84, C221, C222, C223, C224, C225, C226, C227, C228, C229, C230, C231, C232, C233, C234, C235, C236, C239, C240, C241, C242, C245, C246, C247, C248";"C_Rect_L11.5mm_W4.3mm_P10.00mm_MKT";80;"100nF";;;
2;"C19, C20, C45, C46, C54";"CP_Radial_D5.0mm_P2.50mm";5;"22uF";;;
3;"C27";"C_Rect_L11.5mm_W6.9mm_P10.00mm_MKT";1;"1nF";;;
4;"C28, C29";"C_Rect_L7.2mm_W3.5mm_P5.00mm_FKS2_FKP2_MKS2_MKP2";2;"22nF";;;
5;"C35, C36, C69, C70, C86, C87";"C_Rect_L7.2mm_W3.5mm_P5.00mm_FKS2_FKP2_MKS2_MKP2";6;"100nF";;;
6;"C37, C38";"CP_Radial_D18.0mm_P7.50mm";2;"4700u";;;
7;"C44, C97, C191, C192, C193, C194, C195, C196, C213, C214, C215, C216, C217, C218";"CP_Radial_D5.0mm_P2.50mm";14;"10uF";;;
8;"C52, C53, C88, C89";"CP_Radial_D6.3mm_P2.50mm";4;"100uF";;;
9;"C55";"C_Rect_L10.3mm_W7.2mm_P7.50mm_MKS4";1;"68nF";;;
10;"C61";"C_Rect_L10.3mm_W7.2mm_P7.50mm_MKS4";1;"82nF";;;
11;"C71, C77";"C_Rect_L10.3mm_W7.2mm_P7.50mm_MKS4";2;"1uF";;;
12;"C80";"C_Rect_L10.3mm_W7.2mm_P7.50mm_MKS4";1;"10nF";;;
13;"C95";"C_Disc_D7.5mm_W5.0mm_P5.00mm";1;"22pF";;;
14;"C96";"C_Rect_L9.0mm_W8.5mm_P7.50mm_MKT";1;"22nF";;;
15;"C98";"C_Rect_L11.5mm_W4.3mm_P10.00mm_MKT";1;"1uF unpolarized";;;
16;"C99, C102, C105, C108, C111, C114, C117, C120, C123, C126, C129, C132, C139, C142, C149, C152, C155, C158, C161, C164, C188, C189, C203, C204";"C_Rect_L11.5mm_W4.3mm_P10.00mm_MKT";24;"27nF";;;
17;"C100, C103, C106, C109, C112, C115, C118, C121, C124, C127, C130, C133, C140, C143, C150, C153, C156, C159, C162, C165, C197, C198, C200, C201";"C_Rect_L11.5mm_W4.3mm_P10.00mm_MKT";24;"47nF";;;
18;"C101, C104, C107, C110, C113, C116, C119, C122, C125, C128, C131, C134, C141, C144, C151, C154, C157, C160, C163, C166, C219";"C_Rect_L11.5mm_W4.3mm_P10.00mm_MKT";21;"22nF";;;
19;"C135";"C_Rect_L11.5mm_W4.3mm_P10.00mm_MKT";1;"470nF";;;
20;"C136, C206, C207, C220";"C_Rect_L11.5mm_W4.3mm_P10.00mm_MKT";4;"12nF";;;
21;"C137";"C_Rect_L11.5mm_W4.3mm_P10.00mm_MKT";1;"33pF";;;
22;"C145";"C_Rect_L11.5mm_W4.3mm_P10.00mm_MKT";1;"39nF";;;
23;"C147, C148";"C_Rect_L11.5mm_W4.3mm_P10.00mm_MKT";2;"33nF";;;
24;"C167, C168, C169, C170, C171, C172, C173, C174";"CP_Radial_D5.0mm_P2.50mm";8;"10µF";;;
25;"C175, C176";"C_Rect_L11.5mm_W4.3mm_P10.00mm_MKT";2;"220nF";;;
26;"C177, C178";"C_Rect_L11.5mm_W4.3mm_P10.00mm_MKT";2;"180nF";;;
27;"C179, C180";"C_Rect_L11.5mm_W4.3mm_P10.00mm_MKT";2;"150nF";;;
28;"C181, C182";"C_Rect_L11.5mm_W4.3mm_P10.00mm_MKT";2;"120nF";;;
29;"C183, C186";"C_Rect_L11.5mm_W4.3mm_P10.00mm_MKT";2;"5.6nF";;;
30;"C184, C185";"C_Rect_L11.5mm_W4.3mm_P10.00mm_MKT";2;"56nF";;;
31;"C187, C190, C199, C202, C209, C210";"C_Rect_L11.5mm_W4.3mm_P10.00mm_MKT";6;"4.7nF";;;
32;"C205, C208";"C_Rect_L11.5mm_W4.3mm_P10.00mm_MKT";2;"1.8nF";;;
33;"C211, C212";"C_Rect_L11.5mm_W4.3mm_P10.00mm_MKT";2;"2.2nF";;;
34;"D1";"Diode_Bridge_Vishay_GBU";1;"GBU4A";;;
35;"D2, D3";"LED_D5.0mm";2;"LED";;;
36;"D4, D5, D6, D7";"D_DO-41_SOD81_P10.16mm_Horizontal";4;"1N4001";;;
37;"J1, J2, J3, J4, J5, J6, J7, J15, J16, J17, J18, J19, J20, J21, J22, J23, J24, J25, J26, J27, J28, J29, J30, J31, J32, J33, J34, J35, J36, J37, J38, J39, J40, J41, J42, J43, J44, J45, J46, J47, J48, J49, J50";"SolderWire-0.75sqmm_1x01_D1.25mm_OD2.3mm";43;"Conn_01x01_Pin";;;
38;"J8, J9, J10, J51";"SolderWire-2.5sqmm_1x01_D2.4mm_OD4.4mm";4;"Conn_01x01_Pin";;;
39;"J11, J12, J13, J14";"SolderWire-0.75sqmm_1x01_D1.25mm_OD2.3mm";4;"~";;;
40;"R1, R2";"R_Axial_DIN0207_L6.3mm_D2.5mm_P10.16mm_Horizontal";2;"47k";;;
41;"R3, R19, R22, R23, R27, R28, R58, R131";"R_Axial_DIN0207_L6.3mm_D2.5mm_P10.16mm_Horizontal";8;"100k";;;
42;"R4, R5, R6, R7";"R_Axial_DIN0207_L6.3mm_D2.5mm_P10.16mm_Horizontal";4;"2k2";;;
43;"R8, R9";"R_Axial_DIN0207_L6.3mm_D2.5mm_P10.16mm_Horizontal";2;"4k7";;;
44;"R10, R11";"R_Axial_DIN0207_L6.3mm_D2.5mm_P10.16mm_Horizontal";2;"220R";;;
45;"R12, R13";"R_Axial_DIN0207_L6.3mm_D2.5mm_P10.16mm_Horizontal";2;"180k";;;
46;"R14, R15, R31, R32, R33, R34, R37, R38, R39, R40, R41, R42, R43, R44, R45, R46, R47, R48, R49, R51, R52, R53, R56, R60, R62, R63, R66, R67, R72, R73, R76, R78, R81, R84, R88, R89, R94, R95, R99, R102, R106, R109, R112, R115, R118, R124, R127, R133, R136, R151, R152, R153, R154, R155, R156, R157, R158, R165, R166, R167, R168, R169, R170, R171, R172, R173, R174, R175, R176, R177, R178, R179, R203, R204, R205, R206, R207, R208, R213, R214, R215, R216, R217";"R_Axial_DIN0207_L6.3mm_D2.5mm_P10.16mm_Horizontal";83;"10k";;;
47;"R16, R50, R54, R192, R193, R194, R195, R196";"R_Axial_DIN0207_L6.3mm_D2.5mm_P10.16mm_Horizontal";8;"100R";;;
48;"R17, R18, R20, R30, R104, R117, R145, R147";"R_Axial_DIN0207_L6.3mm_D2.5mm_P10.16mm_Horizontal";8;"2k7";;;
49;"R21, R29, R68, R69, R74, R75, R79, R82, R90, R91, R96, R97, R100, R103, R107, R110, R113, R116, R121, R125, R128, R134, R137";"R_Axial_DIN0207_L6.3mm_D2.5mm_P10.16mm_Horizontal";23;"56k";;;
50;"R24, R25";"R_Axial_DIN0207_L6.3mm_D2.5mm_P10.16mm_Horizontal";2;"750R";;;
51;"R26, R35, R36, R209";"R_Axial_DIN0207_L6.3mm_D2.5mm_P10.16mm_Horizontal";4;"470R";;;
52;"R55, R57";"R_Axial_DIN0309_L9.0mm_D3.2mm_P12.70mm_Horizontal";2;"15k";;;
53;"R59, R64, R65, R70, R71, R77, R80, R86, R87, R92, R93, R98, R101, R105, R108, R111, R114, R123, R126, R132, R135, R211, R212";"R_Axial_DIN0207_L6.3mm_D2.5mm_P10.16mm_Horizontal";23;"1k";;;
54;"R61, R83";"R_Axial_DIN0207_L6.3mm_D2.5mm_P10.16mm_Horizontal";2;"10R";;;
55;"R85, R119";"R_Axial_DIN0207_L6.3mm_D2.5mm_P10.16mm_Horizontal";2;"39k";;;
56;"R120";"R_Axial_DIN0207_L6.3mm_D2.5mm_P10.16mm_Horizontal";1;"270R";;;
57;"R122, R130, R138, R149, R150, R181, R182, R183, R210";"R_Axial_DIN0207_L6.3mm_D2.5mm_P10.16mm_Horizontal";9;"5k6";;;
58;"R129";"R_Axial_DIN0207_L6.3mm_D2.5mm_P10.16mm_Horizontal";1;"1k8";;;
59;"R139, R140, R141, R142, R163, R164";"R_Axial_DIN0207_L6.3mm_D2.5mm_P10.16mm_Horizontal";6;"82k";;;
60;"R143, R144";"R_Axial_DIN0207_L6.3mm_D2.5mm_P10.16mm_Horizontal";2;"43k";;;
61;"R146, R148";"R_Axial_DIN0207_L6.3mm_D2.5mm_P10.16mm_Horizontal";2;"2.7k";;;
62;"R159, R160, R161, R162";"R_Axial_DIN0207_L6.3mm_D2.5mm_P10.16mm_Horizontal";4;"160k";;;
63;"R180";"R_Axial_DIN0207_L6.3mm_D2.5mm_P10.16mm_Horizontal";1;"13k";;;
64;"R184, R185";"R_Axial_DIN0207_L6.3mm_D2.5mm_P10.16mm_Horizontal";2;"8k2";;;
65;"R186";"R_Axial_DIN0207_L6.3mm_D2.5mm_P10.16mm_Horizontal";1;"2k";;;
66;"R187, R188, R189";"R_Axial_DIN0207_L6.3mm_D2.5mm_P10.16mm_Horizontal";3;"820R";;;
67;"R190, R191";"R_Axial_DIN0207_L6.3mm_D2.5mm_P10.16mm_Horizontal";2;"1k2";;;
68;"R197";"R_Axial_DIN0207_L6.3mm_D2.5mm_P10.16mm_Horizontal";1;"27k";;;
69;"R198, R199, R200";"R_Axial_DIN0207_L6.3mm_D2.5mm_P10.16mm_Horizontal";3;"12k";;;
70;"R201, R202";"R_Axial_DIN0207_L6.3mm_D2.5mm_P10.16mm_Horizontal";2;"18k";;;
71;"RV1, RV2, RV3, RV4, RV14, RV16, RV17, RV18, RV40";"Molex_KK-254_AE-6410-03A_1x03_P2.54mm_Vertical";9;"B10k";;;
72;"RV5";"Molex_KK-254_AE-6410-03A_1x03_P2.54mm_Vertical";1;"B1M";;;
73;"RV6, RV7, RV8, RV9, RV10, RV11, RV12, RV13";"Molex_KK-254_AE-6410-03A_1x03_P2.54mm_Vertical";8;"A10k";;;
74;"RV19";"Molex_KK-254_AE-6410-03A_1x03_P2.54mm_Vertical";1;"B100k";;;
75;"RV20";"Molex_KK-254_AE-6410-03A_1x03_P2.54mm_Vertical";1;"B470k";;;
76;"RV21";"Molex_KK-254_AE-6410-06A_1x06_P2.54mm_Vertical";1;"B10k";;;
77;"RV24, RV25, RV26, RV27";"Molex_KK-254_AE-6410-03A_1x03_P2.54mm_Vertical";4;"A50k";;;
78;"RV28, RV29, RV30, RV31, RV32, RV33, RV34, RV35, RV36, RV37, RV38, RV39";"potentiometer_Alpha_RV16AF41_Single_Horizontal";12;"B100k";;;
79;"SW1, SW2, SW3, SW4, SW5, SW6, SW7, SW8, SW9, SW10, SW11";"Molex_KK-254_AE-6410-03A_1x03_P2.54mm_Vertical";11;"SW_SPDT";;;
80;"U1, U2, U8, U10, U12, U55";"DIP-8_W7.62mm_LongPads";6;"NE5532";;;
81;"U3, U4, U9, U11, U13, U14, U17, U18, U19, U20, U21, U22, U23, U38, U40, U42, U44, U50";"DIP-8_W7.62mm_Socket_LongPads";18;"NE5532";;;
82;"U5";"DIP-8_W7.62mm";1;"SSM2017P";;;
83;"U6";"DIP-8_W7.62mm";1;"NE5534";;;
84;"U7";"DIP-8_W7.62mm";1;"TL072";;;
85;"U16";"DIP-8_W7.62mm_Socket_LongPads";1;"TL072";;;
86;"U24, U25, U26, U27, U28, U29, U30, U31, U33, U34, U36, U37";"DIP-8_W7.62mm_Socket_LongPads";12;"RC4558";;;
87;"U129";"TO-220-3_Vertical";1;"LM7815";;;
88;"U130";"TO-220-3_Vertical";1;"LM7915";;;
